{
	"format_version": "1.8.0",
	"animations": {
		"idle": {
			"loop": true,
			"bones": {
				"gunbody": {
					"position": {
						"vector": [0, 0, 0]
					}
				},
				"rightArm": {
					"rotation": {
						"vector": [90, 0, -180]
					},
					"position": {
						"vector": [6, -7.28125, -1]
					}
				},
				"leftArm": {
					"rotation": {
						"vector": [90, -30, -180]
					},
					"position": {
						"vector": [-2.75, -7.3125, -0.81]
					}
				}
			}
		},
		"sprinting": {
			"loop": true,
			"bones": {
				"gunbody": {
					"rotation": {
						"vector": ["-60+(Math.sin(query.anim_time*550)*5)", 0, 11.25]
					},
					"position": {
						"vector": [-1, "2+(Math.sin(query.anim_time*1100))", "-2+(Math.sin(query.anim_time*550))"]
					}
				},
				"leftArm": {
					"rotation": {
						"vector": [90, -30, -180]
					},
					"position": {
						"vector": [-2.75, -7.3125, 0.19]
					},
					"scale": {
						"vector": [0, 0, 0]
					}
				},
				"rightArm": {
					"rotation": {
						"vector": [90, 0, -180]
					},
					"position": {
						"vector": [6, -7.28125, -1]
					}
				}
			}
		},
		"melee": {
			"loop": true,
			"animation_length": 0.5833,
			"bones": {
				"gunbody": {
					"rotation": {
						"0.0": {
							"vector": [-61.9732, 20.29166, -13.43409]
						},
						"0.0417": {
							"vector": [-33.94455, -2.55683, -21.81431]
						},
						"0.0833": {
							"vector": [18.98081, -19.40349, -51.57515]
						},
						"0.125": {
							"vector": [36.81148, -18.2741, -66.50641]
						},
						"0.1667": {
							"vector": [46.51528, -19.00081, -80.73535]
						},
						"0.2083": {
							"vector": [40.27532, -19.8734, -71.46627]
						},
						"0.5833": {
							"vector": [0, 0, 0],
							"easing": "easeOutSine"
						}
					},
					"position": {
						"0.0": {
							"vector": [-5.14844, 5.25, -1.25]
						},
						"0.0417": {
							"vector": [-3.66969, 3.16, -2.67469]
						},
						"0.0833": {
							"vector": [7.86938, -0.18875, -2.74]
						},
						"0.125": {
							"vector": [9.70156, -0.05062, -1.87]
						},
						"0.1667": {
							"vector": [10.30531, 0.40563, -1.08031]
						},
						"0.2083": {
							"vector": [10.15531, -0.1375, -0.65]
						},
						"0.25": {
							"vector": [9.66313, -0.8625, -0.55]
						},
						"0.2917": {
							"vector": [8.27344, -1.46, -0.45]
						},
						"0.3333": {
							"vector": [6.49875, -1.61437, -0.36]
						},
						"0.375": {
							"vector": [3.91, -1.4475, -0.28]
						},
						"0.5833": {
							"vector": [0, 0, 0],
							"easing": "easeOutSine"
						}
					}
				},
				"leftArm": {
					"rotation": {
						"vector": [90, -30, -180]
					},
					"position": {
						"vector": [-2.75, -7.3125, -0.81]
					},
					"scale": {
						"0.0": {
							"vector": [0, 0, 0]
						},
						"0.375": {
							"vector": [0, 0, 0]
						},
						"0.5": {
							"vector": [1, 1, 1]
						}
					}
				},
				"rightArm": {
					"rotation": {
						"vector": [90, 0, -180]
					},
					"position": {
						"vector": [6, -7.28125, -1]
					}
				}
			}
		},
		"firing": {
			"loop": true,
			"animation_length": 1,
			"bones": {
				"slide": {
					"position": {
						"0.0": {
							"vector": [0, 0, -1]
						},
						"0.025": {
							"vector": [0, 0, 0],
							"easing": "linear"
						}
					}
				},
				"gunbody": {
					"rotation": {
						"0.0": {
							"vector": [-1.25, "h_recoil", 0],
							"easing": "easeOutBack"
						},
						"0.0833": {
							"vector": [-2, 0, 0],
							"easing": "linear"
						},
						"0.3333": {
							"vector": [0, 0, 0],
							"easing": "easeOutBack",
							"easingArgs": [1]
						}
					},
					"position": {
						"0.0": {
							"vector": [0, 0, 1.125]
						},
						"0.0833": {
							"vector": [0, 0, 0.5],
							"easing": "linear"
						},
						"0.25": {
							"vector": [0, 0, 0],
							"easing": "easeOutBack",
							"easingArgs": [0.25]
						}
					}
				},
				"muzzleflash": {
					"rotation": {
						"vector": [0, 0, "Math.random(-45,45) "]
					},
					"scale": {
						"0.0": {
							"vector": [750, 750, 1]
						},
						"0.0083": {
							"vector": [1, 1, 1]
						}
					}
				},
				"leftArm": {
					"rotation": {
						"vector": [90, -30, -180]
					},
					"position": {
						"vector": [-2.75, -7.3125, -0.81]
					}
				},
				"rightArm": {
					"rotation": {
						"vector": [90, 0, -180]
					},
					"position": {
						"vector": [6, -7.28125, -1]
					}
				}
			}
		},
		"reload_start": {
			"loop": true,
			"animation_length": 1,
			"bones": {
				"gunbody": {
					"rotation": {
						"0.0": {
							"vector": [0, 0, 0]
						},
						"0.2083": {
							"vector": [8.519, -4.98093, -0.43688],
							"easing": "easeOutSine"
						},
						"0.3333": {
							"vector": [-8.481, -4.98093, -0.43688],
							"easing": "easeInSine"
						},
						"0.625": {
							"vector": [-6.981, -4.98093, -0.43688],
							"easing": "easeOutBack",
							"easingArgs": [10]
						}
					},
					"position": {
						"0.0": {
							"vector": [0, 0, 0]
						},
						"0.125": {
							"vector": [-1.03125, 0.34375, 0.96875],
							"easing": "easeInSine"
						},
						"0.25": {
							"vector": [-1.44, 2.11, 1.59]
						},
						"0.5417": {
							"vector": [-1.5, 0.815, 1.47125],
							"easing": "easeOutBack",
							"easingArgs": [2]
						}
					}
				},
				"slide": {
					"position": {
						"vector": [0, 0, -1]
					}
				},
				"magazine": {
					"position": {
						"0.25": {
							"vector": [0, 0, 0]
						},
						"0.4583": {
							"vector": [0, -10.75, 0.75]
						}
					},
					"scale": {
						"0.4167": {
							"vector": [1, 1, 1]
						},
						"0.4583": {
							"vector": [0, 0, 0]
						}
					}
				},
				"muzzleflash": {
					"scale": {
						"vector": [0, 0, 0]
					}
				},
				"leftArm": {
					"rotation": {
						"0.0": {
							"vector": [90, -30, -180]
						},
						"0.0833": {
							"vector": [75, -17.5, -180]
						},
						"0.3333": {
							"vector": [90, -2.5, -180]
						}
					},
					"position": {
						"0.0": {
							"vector": [-2.75, -7.3125, -0.81]
						},
						"0.0833": {
							"vector": [-0.75, -10, 0.1875]
						},
						"0.3333": {
							"vector": [4.25, -18, 0.19]
						}
					},
					"scale": {
						"0.2917": {
							"vector": [1, 1, 1]
						},
						"0.3333": {
							"vector": [0, 0, 0]
						}
					}
				},
				"rightArm": {
					"rotation": {
						"vector": [90, 0, -180]
					},
					"position": {
						"vector": [6, -7.28125, -1]
					}
				}
			},
			"sound_effects": {
				"0.25": {
					"effect": "reload_magout"
				}
			}
		},
		"reload_magout": {
			"loop": true,
			"animation_length": 1,
			"bones": {
				"gunbody": {
					"rotation": {
						"vector": [-6.981, -4.98093, -0.43688]
					},
					"position": {
						"vector": [-1.5, 0.815, 1.47125]
					}
				},
				"slide": {
					"position": {
						"vector": [0, 0, -1]
					}
				},
				"magazine": {
					"position": {
						"vector": [0, -10.75, 2.75]
					},
					"scale": {
						"vector": [0, 0, 0]
					}
				},
				"leftArm": {
					"rotation": {
						"vector": [90, -2.5, -180]
					},
					"position": {
						"vector": [4.25, -18, 0.19]
					},
					"scale": {
						"vector": [0, 0, 0]
					}
				},
				"rightArm": {
					"rotation": {
						"vector": [90, 0, -180]
					},
					"position": {
						"vector": [6, -7.28125, -1]
					}
				}
			}
		},
		"reload_magin": {
			"loop": true,
			"animation_length": 1,
			"bones": {
				"gunbody": {
					"rotation": {
						"0.0": {
							"vector": [-6.981, -4.98093, -0.43688],
							"easing": "easeOutBack",
							"easingArgs": [10]
						},
						"0.3333": {
							"vector": [-8.20063, -18.79378, -19.86037],
							"easing": "easeOutBack"
						},
						"0.5": {
							"vector": [-9.7, -18.79, -19.86],
							"easing": "easeOutBack",
							"easingArgs": [3]
						}
					},
					"position": {
						"0.0": {
							"vector": [-1.5, 0.815, 1.47125],
							"easing": "easeOutBack",